{
    "input1.in": {
        "MAX_IT-10": {
            "Window = 2": 0.0029785633087158203,
            "Window = 3": 0.0011141300201416016,
            "Window = 4": 0.0016770362854003906,
            "Window = 5": 0.0011107921600341797,
            "Window = 6": 0.0011112689971923828,
            "Window = 7": 0.001219034194946289,
            "Window = 8": 0.0017383098602294922,
            "Window = 9": 0.0017066001892089844
        },
        "MAX_IT-100": {
            "Window = 2": 0.0073032379150390625,
            "Window = 3": 0.011827945709228516,
            "Window = 4": 0.006182432174682617,
            "Window = 5": 0.007283687591552734,
            "Window = 6": 0.008475065231323242,
            "Window = 7": 0.006819963455200195,
            "Window = 8": 0.009587764739990234,
            "Window = 9": 0.0166623592376709
        },
        "MAX_IT-1000": {
            "Window = 2": 0.08590483665466309,
            "Window = 3": 0.07283544540405273,
            "Window = 4": 0.07902193069458008,
            "Window = 5": 0.07271599769592285,
            "Window = 6": 0.0793149471282959,
            "Window = 7": 0.06605291366577148,
            "Window = 8": 0.10387969017028809,
            "Window = 9": 0.06332254409790039
        },
        "MAX_IT-10000": {
            "Window = 2": 0.7643976211547852,
            "Window = 3": 0.7798783779144287,
            "Window = 4": 0.7684676647186279,
            "Window = 5": 0.7149903774261475,
            "Window = 6": 0.6699483394622803,
            "Window = 7": 0.6882727146148682,
            "Window = 8": 0.6310861110687256,
            "Window = 9": 0.6254105567932129
        }
    }
}