{
    "input1.in": {
        "Crescente": 1.1920928955078125e-05,
        "Decrescente": 8.106231689453125e-06,
        "Eficiente": 4.9114227294921875e-05
    },
    "input2.in": {
        "Crescente": 1.7642974853515625e-05,
        "Decrescente": 1.3589859008789062e-05,
        "Eficiente": 4.506111145019531e-05
    },
    "input3.in": {
        "Crescente": 2.47955322265625e-05,
        "Decrescente": 1.7404556274414062e-05,
        "Eficiente": 5.888938903808594e-05
    },
    "input4.in": {
        "Crescente": 2.5987625122070312e-05,
        "Decrescente": 1.811981201171875e-05,
        "Eficiente": 4.887580871582031e-05
    },
    "input5.in": {
        "Crescente": 4.458427429199219e-05,
        "Decrescente": 3.3855438232421875e-05,
        "Eficiente": 8.702278137207031e-05
    },
    "input6.in": {
        "Crescente": 7.724761962890625e-05,
        "Decrescente": 6.937980651855469e-05,
        "Eficiente": 0.0001475811004638672
    },
    "input7.in": {
        "Crescente": 0.00011754035949707031,
        "Decrescente": 0.00010633468627929688,
        "Eficiente": 0.0002243518829345703
    },
    "input8.in": {
        "Crescente": 0.00015354156494140625,
        "Decrescente": 0.0001418590545654297,
        "Eficiente": 0.00028896331787109375
    },
    "input9.in": {
        "Crescente": 0.0004451274871826172,
        "Decrescente": 0.00038504600524902344,
        "Eficiente": 0.0007953643798828125
    },
    "input10.in": {
        "Crescente": 4.5299530029296875e-05,
        "Decrescente": 3.4332275390625e-05,
        "Eficiente": 8.630752563476562e-05
    },
    "input11.in": {
        "Crescente": 4.5299530029296875e-05,
        "Decrescente": 3.3855438232421875e-05,
        "Eficiente": 8.177757263183594e-05
    },
    "input12.in": {
        "Crescente": 0.0061626434326171875,
        "Decrescente": 0.005863189697265625,
        "Eficiente": 0.009825706481933594
    },
    "input13.in": {
        "Crescente": 0.003582477569580078,
        "Decrescente": 0.0032308101654052734,
        "Eficiente": 0.011252164840698242
    },
    "input14.in": {
        "Crescente": 0.003106832504272461,
        "Decrescente": 0.0028374195098876953,
        "Eficiente": 0.004795551300048828
    },
    "input15.in": {
        "Crescente": 0.0005202293395996094,
        "Decrescente": 0.0004303455352783203,
        "Eficiente": 0.0008594989776611328
    },
    "input16.in": {
        "Crescente": 0.00046372413635253906,
        "Decrescente": 0.00041556358337402344,
        "Eficiente": 0.0008323192596435547
    }
}