{
    "input1.in": {
        "Exato": 0.29665040969848633
    },
    "input2.in": {
        "Exato": 0.8265953063964844
    },
    "input3.in": {
        "Exato": 1.984175682067871
    },
    "input4.in": {
        "Exato": 2.038221836090088
    },
    "input5.in": {
        "Exato": 2.175779342651367
    },
    "input6.in": {
        "Exato": 32.64742159843445
    },
    "input7.in": {
        "Exato": 0.5890767574310303
    },
    "input8.in": {
        "Exato": 0.38975095748901367
    },
    "input9.in": {
        "Exato": 12.474079132080078
    },
    "input10.in": {
        "Exato": 3.930697202682495
    },
    "input11.in": {
        "Exato": 7.686014890670776
    },
    "input12.in": {
        "Exato": 1715.297287940979
    },
    "input13.in": {
        "Exato": 737.020914554596
    },
    "input14.in": {
        "Exato": 368.3021981716156
    },
    "input15.in": {
        "Exato": 3.867255449295044
    },
    "input16.in": {
        "Exato": 3.930103063583374
    }
}